{"name":{"0":"Allen Smith","1":"S Kumar","2":"Jack Morgan","3":"Ying Chin","4":"Dheeraj Patel","5":"Satyam Sharma","6":"James Authur","7":"Josh Wills","8":"Leo Duck"},"age":{"0":45.0,"1":null,"2":32.0,"3":45.0,"4":30.0,"5":null,"6":54.0,"7":54.0,"8":23.0},"income":{"0":null,"1":16000.0,"2":35000.0,"3":65000.0,"4":42000.0,"5":62000.0,"6":null,"7":52000.0,"8":98000.0},"gender":{"0":null,"1":"F","2":"M","3":"F","4":"F","5":null,"6":"F","7":"F","8":"M"},"department":{"0":"Operations","1":"Finance","2":"Finance","3":"Sales","4":"Operations","5":"Sales","6":"Operations","7":"Finance","8":"Sales"},"grade":{"0":"G3","1":"G0","2":"G2","3":"G3","4":"G2","5":"G3","6":"G3","7":"G3","8":"G4"}}